-- --------------------------------------------------------
-- Host:                         127.0.0.1
-- Server-Version:               10.4.24-MariaDB - mariadb.org binary distribution
-- Server-Betriebssystem:        Win64
-- HeidiSQL Version:             12.6.0.6765
-- --------------------------------------------------------

/*!40101 SET @OLD_CHARACTER_SET_CLIENT=@@CHARACTER_SET_CLIENT */;
/*!40101 SET NAMES utf8 */;
/*!50503 SET NAMES utf8mb4 */;
/*!40103 SET @OLD_TIME_ZONE=@@TIME_ZONE */;
/*!40103 SET TIME_ZONE='+00:00' */;
/*!40014 SET @OLD_FOREIGN_KEY_CHECKS=@@FOREIGN_KEY_CHECKS, FOREIGN_KEY_CHECKS=0 */;
/*!40101 SET @OLD_SQL_MODE=@@SQL_MODE, SQL_MODE='NO_AUTO_VALUE_ON_ZERO' */;
/*!40111 SET @OLD_SQL_NOTES=@@SQL_NOTES, SQL_NOTES=0 */;


-- Exportiere Datenbank-Struktur für temperatur
DROP DATABASE IF EXISTS `temperatur`;
CREATE DATABASE IF NOT EXISTS `temperatur` /*!40100 DEFAULT CHARACTER SET utf8mb4 */;
USE `temperatur`;

-- Exportiere Struktur von Tabelle temperatur.api_tokens
DROP TABLE IF EXISTS `api_tokens`;
CREATE TABLE IF NOT EXISTS `api_tokens` (
  `id` int(11) NOT NULL AUTO_INCREMENT,
  `user_id` int(11) NOT NULL DEFAULT 0,
  `ip` varchar(100) NOT NULL,
  `token` varchar(20) NOT NULL,
  `uses` int(11) NOT NULL DEFAULT 0,
  `active` enum('true','false') NOT NULL DEFAULT 'true',
  `updated_at` datetime NOT NULL DEFAULT current_timestamp() ON UPDATE current_timestamp(),
  `created_at` datetime NOT NULL DEFAULT current_timestamp(),
  PRIMARY KEY (`id`) USING BTREE,
  KEY `api_tokens_users` (`user_id`),
  CONSTRAINT `api_tokens_users` FOREIGN KEY (`user_id`) REFERENCES `users` (`id`) ON DELETE NO ACTION ON UPDATE NO ACTION
) ENGINE=InnoDB AUTO_INCREMENT=2 DEFAULT CHARSET=utf8mb4 COMMENT='Tabelle für Token';

-- Exportiere Daten aus Tabelle temperatur.api_tokens: ~1 rows (ungefähr)
DELETE FROM `api_tokens`;
INSERT INTO `api_tokens` (`id`, `user_id`, `ip`, `token`, `uses`, `active`, `updated_at`, `created_at`) VALUES
	(1, 1, '::1', 'kYsfMGyQ8UTFpXKWSNoa', 464, 'true', '2024-10-26 22:24:46', '2024-10-26 22:12:25');

-- Exportiere Struktur von Tabelle temperatur.applications
DROP TABLE IF EXISTS `applications`;
CREATE TABLE IF NOT EXISTS `applications` (
  `id` int(11) NOT NULL AUTO_INCREMENT,
  `name` varchar(100) NOT NULL DEFAULT 'Syntax-Sabberer',
  `version` varchar(10) NOT NULL DEFAULT 'v.1.0.0',
  `downloads` int(11) NOT NULL DEFAULT 0,
  `active` enum('true','false') NOT NULL DEFAULT 'true',
  `updated_at` timestamp NOT NULL DEFAULT current_timestamp() ON UPDATE current_timestamp(),
  `created_at` timestamp NOT NULL DEFAULT current_timestamp(),
  PRIMARY KEY (`id`)
) ENGINE=InnoDB AUTO_INCREMENT=2 DEFAULT CHARSET=utf8mb4;

-- Exportiere Daten aus Tabelle temperatur.applications: ~1 rows (ungefähr)
DELETE FROM `applications`;
INSERT INTO `applications` (`id`, `name`, `version`, `downloads`, `active`, `updated_at`, `created_at`) VALUES
	(1, 'Syntax-Sabberer', 'v.1.0.0', 0, 'true', '2024-10-26 20:13:48', '2024-10-26 20:13:49');

-- Exportiere Struktur von Tabelle temperatur.images
DROP TABLE IF EXISTS `images`;
CREATE TABLE IF NOT EXISTS `images` (
  `id` int(11) NOT NULL AUTO_INCREMENT,
  `src` varchar(1000) NOT NULL DEFAULT 'default.png',
  `active` enum('true','false') NOT NULL DEFAULT 'true',
  `updated_at` datetime NOT NULL DEFAULT current_timestamp() ON UPDATE current_timestamp(),
  `created_at` datetime NOT NULL DEFAULT current_timestamp(),
  PRIMARY KEY (`id`) USING BTREE
) ENGINE=InnoDB AUTO_INCREMENT=2 DEFAULT CHARSET=utf8mb4;

-- Exportiere Daten aus Tabelle temperatur.images: ~1 rows (ungefähr)
DELETE FROM `images`;
INSERT INTO `images` (`id`, `src`, `active`, `updated_at`, `created_at`) VALUES
	(1, 'avatar_tim.png', 'true', '2024-10-26 22:16:22', '2024-10-26 22:12:24');

-- Exportiere Struktur von Tabelle temperatur.logs
DROP TABLE IF EXISTS `logs`;
CREATE TABLE IF NOT EXISTS `logs` (
  `id` int(11) NOT NULL AUTO_INCREMENT,
  `user_id` int(11) NOT NULL,
  `action` enum('create','update','delete','login','register') DEFAULT 'create',
  `relation` enum('users','sensors','servers','manufacturers','applications','roles','temperatures','pages') DEFAULT 'users',
  `relation_id` int(11) DEFAULT NULL,
  `old_value` varchar(255) DEFAULT NULL,
  `new_value` varchar(255) DEFAULT NULL,
  `column_name` varchar(255) DEFAULT NULL,
  `active` enum('true','false') NOT NULL DEFAULT 'true',
  `updated_at` datetime NOT NULL DEFAULT current_timestamp() ON UPDATE current_timestamp(),
  `created_at` datetime NOT NULL DEFAULT current_timestamp(),
  PRIMARY KEY (`id`),
  KEY `logs_user` (`user_id`),
  CONSTRAINT `logs_user` FOREIGN KEY (`user_id`) REFERENCES `users` (`id`) ON DELETE NO ACTION ON UPDATE NO ACTION
) ENGINE=InnoDB AUTO_INCREMENT=18 DEFAULT CHARSET=utf8mb4;

-- Exportiere Daten aus Tabelle temperatur.logs: ~1 rows (ungefähr)
DELETE FROM `logs`;
INSERT INTO `logs` (`id`, `user_id`, `action`, `relation`, `relation_id`, `old_value`, `new_value`, `column_name`, `active`, `updated_at`, `created_at`) VALUES
	(1, 1, 'register', 'users', 1, NULL, NULL, NULL, 'true', '2024-10-26 22:12:25', '2024-10-26 22:12:25'),
	(2, 1, 'login', 'users', 1, NULL, NULL, NULL, 'true', '2024-10-26 22:16:08', '2024-10-26 22:16:08'),
	(3, 1, 'update', '', 1, 'default.png', 'avatar_tim.png', 'src', 'true', '2024-10-26 22:16:22', '2024-10-26 22:16:22'),
	(4, 1, 'update', '', 1, 'avatar_tim.png', 'avatar_tim.png', 'src', 'true', '2024-10-26 22:18:47', '2024-10-26 22:18:47'),
	(5, 1, 'login', 'users', 1, NULL, NULL, NULL, 'true', '2024-10-26 22:19:27', '2024-10-26 22:19:27'),
	(6, 1, 'update', 'sensors', 1, '30', '35', 'maxTemp', 'true', '2024-10-26 22:21:19', '2024-10-26 22:21:19'),
	(7, 1, 'update', 'sensors', 1, '35', '30', 'maxTemp', 'true', '2024-10-26 22:21:27', '2024-10-26 22:21:27'),
	(8, 1, 'update', 'sensors', 1, '30', '30', 'maxTemp', 'true', '2024-10-26 22:21:29', '2024-10-26 22:21:29'),
	(9, 1, 'update', 'sensors', 1, '30', '30', 'maxTemp', 'true', '2024-10-26 22:21:32', '2024-10-26 22:21:32'),
	(10, 1, 'login', 'users', 1, NULL, NULL, NULL, 'true', '2024-10-26 22:22:36', '2024-10-26 22:22:36'),
	(11, 1, 'update', 'sensors', 1, '30', '50', 'maxTemp', 'true', '2024-10-26 22:23:43', '2024-10-26 22:23:43'),
	(12, 1, 'update', '', 1, 'avatar_tim.png', 'avatar_tim.png', 'src', 'true', '2024-10-26 22:23:55', '2024-10-26 22:23:55'),
	(13, 1, 'login', 'users', 1, NULL, NULL, NULL, 'true', '2024-10-26 22:24:12', '2024-10-26 22:24:12'),
	(14, 1, 'update', 'users', 1, NULL, '01729499985', 'phone', 'true', '2024-10-26 22:24:33', '2024-10-26 22:24:33'),
	(15, 1, 'login', 'users', 1, NULL, NULL, NULL, 'true', '2024-10-26 22:24:36', '2024-10-26 22:24:36'),
	(16, 1, 'update', 'users', 1, 'tim', 'eronax', 'snowflake', 'true', '2024-10-26 22:24:46', '2024-10-26 22:24:46'),
	(17, 1, 'update', '', 1, 'c', 'f', 'imperial_system', 'true', '2024-10-26 22:24:46', '2024-10-26 22:24:46');

-- Exportiere Struktur von Tabelle temperatur.manufacturers
DROP TABLE IF EXISTS `manufacturers`;
CREATE TABLE IF NOT EXISTS `manufacturers` (
  `id` int(11) NOT NULL AUTO_INCREMENT,
  `name` varchar(255) NOT NULL,
  `active` enum('true','false') NOT NULL DEFAULT 'true',
  `updated_at` datetime NOT NULL DEFAULT current_timestamp() ON UPDATE current_timestamp(),
  `created_at` datetime NOT NULL DEFAULT current_timestamp(),
  PRIMARY KEY (`id`)
) ENGINE=InnoDB AUTO_INCREMENT=4 DEFAULT CHARSET=utf8mb4;

-- Exportiere Daten aus Tabelle temperatur.manufacturers: ~3 rows (ungefähr)
DELETE FROM `manufacturers`;
INSERT INTO `manufacturers` (`id`, `name`, `active`, `updated_at`, `created_at`) VALUES
	(1, 'Dell', 'true', '2024-10-26 22:14:34', '2024-10-26 22:14:34'),
	(2, 'Lenovo', 'true', '2024-10-26 22:14:38', '2024-10-26 22:14:38'),
	(3, 'Intell', 'true', '2024-10-26 22:14:43', '2024-10-26 22:14:43');

-- Exportiere Struktur von Tabelle temperatur.pages
DROP TABLE IF EXISTS `pages`;
CREATE TABLE IF NOT EXISTS `pages` (
  `id` int(11) NOT NULL AUTO_INCREMENT,
  `index` int(11) NOT NULL,
  `showAlways` enum('true','false') NOT NULL DEFAULT 'false',
  `hideInHeader` enum('true','false') NOT NULL DEFAULT 'false',
  `hideInFooter` enum('true','false') NOT NULL DEFAULT 'false',
  `mustBeLoggedIn` enum('true','false','both') NOT NULL DEFAULT 'both',
  `color` varchar(7) NOT NULL DEFAULT '#ffffff',
  `icon` varchar(255) NOT NULL,
  `name` varchar(50) NOT NULL,
  `title` varchar(100) NOT NULL,
  `headline` varchar(255) NOT NULL,
  `subline` varchar(500) NOT NULL,
  `active` enum('true','false') NOT NULL DEFAULT 'true',
  `updated_at` datetime NOT NULL DEFAULT current_timestamp() ON UPDATE current_timestamp(),
  `created_at` datetime NOT NULL DEFAULT current_timestamp(),
  PRIMARY KEY (`id`) USING BTREE,
  UNIQUE KEY `index` (`index`)
) ENGINE=InnoDB AUTO_INCREMENT=5 DEFAULT CHARSET=utf8mb4 COMMENT='K.a wofür aber für die Seiten IG';

-- Exportiere Daten aus Tabelle temperatur.pages: ~4 rows (ungefähr)
DELETE FROM `pages`;
INSERT INTO `pages` (`id`, `index`, `showAlways`, `hideInHeader`, `hideInFooter`, `mustBeLoggedIn`, `color`, `icon`, `name`, `title`, `headline`, `subline`, `active`, `updated_at`, `created_at`) VALUES
	(1, 1, 'true', 'false', 'false', 'both', '#ffffff', '', 'index', 'Home', '', '', 'true', '2024-10-22 14:07:42', '2024-10-22 14:07:42'),
	(2, 2, 'false', 'false', 'false', 'both', '#ffffff', '', 'sensors', 'Sensors', '', '', 'true', '2024-10-22 14:07:53', '2024-10-22 14:07:53'),
	(3, 3, 'false', 'false', 'false', 'both', '#ffffff', '', 'users', 'Users', '', '', 'true', '2024-10-22 14:08:00', '2024-10-22 14:08:00'),
	(4, 99, 'false', 'false', 'false', 'both', '#ffffff', '', 'error', 'Error', '', '', 'true', '2024-10-22 14:08:12', '2024-10-22 14:08:12');

-- Exportiere Struktur von Tabelle temperatur.roles
DROP TABLE IF EXISTS `roles`;
CREATE TABLE IF NOT EXISTS `roles` (
  `id` int(11) NOT NULL AUTO_INCREMENT,
  `name` varchar(100) NOT NULL,
  `color` varchar(7) NOT NULL DEFAULT '#ffffff',
  `active` enum('true','false') NOT NULL DEFAULT 'true',
  `updated_at` datetime NOT NULL DEFAULT current_timestamp() ON UPDATE current_timestamp(),
  `created_at` datetime NOT NULL DEFAULT current_timestamp(),
  PRIMARY KEY (`id`)
) ENGINE=InnoDB AUTO_INCREMENT=5 DEFAULT CHARSET=utf8mb4;

-- Exportiere Daten aus Tabelle temperatur.roles: ~4 rows (ungefähr)
DELETE FROM `roles`;
INSERT INTO `roles` (`id`, `name`, `color`, `active`, `updated_at`, `created_at`) VALUES
	(1, 'User', '#6be356', 'true', '2024-10-22 11:20:34', '2024-08-13 12:28:32'),
	(2, 'Admin', '#ff2b2b', 'true', '2024-10-25 10:25:52', '2024-08-13 12:28:37'),
	(3, 'Developer', '#c445ff', 'true', '2024-10-25 10:25:44', '2024-10-25 10:25:16'),
	(4, 'Team', '#ffce2b', 'true', '2024-10-25 10:26:41', '2024-10-25 10:26:35');

-- Exportiere Struktur von Tabelle temperatur.sensors
DROP TABLE IF EXISTS `sensors`;
CREATE TABLE IF NOT EXISTS `sensors` (
  `id` int(11) NOT NULL AUTO_INCREMENT,
  `server_id` int(11) NOT NULL DEFAULT 0,
  `manufacturer_id` int(11) NOT NULL DEFAULT 0,
  `maxTemp` float NOT NULL DEFAULT 30,
  `minTemp` float NOT NULL DEFAULT -30,
  `name` varchar(255) NOT NULL,
  `address` varchar(255) NOT NULL,
  `color` varchar(7) NOT NULL DEFAULT '#ffffff',
  `active` enum('true','false') NOT NULL DEFAULT 'true',
  `updated_at` datetime NOT NULL DEFAULT current_timestamp() ON UPDATE current_timestamp(),
  `created_at` datetime NOT NULL DEFAULT current_timestamp(),
  PRIMARY KEY (`id`) USING BTREE,
  KEY `sensors_server` (`server_id`),
  KEY `sensors_manufacturer` (`manufacturer_id`),
  CONSTRAINT `sensors_manufacturer` FOREIGN KEY (`manufacturer_id`) REFERENCES `manufacturers` (`id`) ON DELETE NO ACTION ON UPDATE NO ACTION,
  CONSTRAINT `sensors_server` FOREIGN KEY (`server_id`) REFERENCES `servers` (`id`) ON DELETE NO ACTION ON UPDATE NO ACTION
) ENGINE=InnoDB AUTO_INCREMENT=4 DEFAULT CHARSET=utf8mb4 COMMENT='Eintrag für die Sensoren';

-- Exportiere Daten aus Tabelle temperatur.sensors: ~3 rows (ungefähr)
DELETE FROM `sensors`;
INSERT INTO `sensors` (`id`, `server_id`, `manufacturer_id`, `maxTemp`, `minTemp`, `name`, `address`, `color`, `active`, `updated_at`, `created_at`) VALUES
	(1, 1, 1, 50, 0, 'Sensor #1', '', '#ffffff', 'true', '2024-10-26 22:23:43', '2024-10-26 22:15:29'),
	(2, 2, 3, 60, -30, 'Sensor #2', '', '#ffffff', 'true', '2024-10-26 22:18:19', '2024-10-26 22:15:45'),
	(3, 1, 2, 90, 0, 'Sensor #3', '', '#ffffff', 'true', '2024-10-26 22:18:22', '2024-10-26 22:15:58');

-- Exportiere Struktur von Tabelle temperatur.servers
DROP TABLE IF EXISTS `servers`;
CREATE TABLE IF NOT EXISTS `servers` (
  `id` int(11) NOT NULL AUTO_INCREMENT,
  `name` varchar(255) NOT NULL,
  `active` enum('true','false') NOT NULL DEFAULT 'true',
  `created_at` timestamp NOT NULL DEFAULT current_timestamp(),
  `updated_at` timestamp NOT NULL DEFAULT current_timestamp() ON UPDATE current_timestamp(),
  PRIMARY KEY (`id`)
) ENGINE=InnoDB AUTO_INCREMENT=3 DEFAULT CHARSET=utf8mb4;

-- Exportiere Daten aus Tabelle temperatur.servers: ~2 rows (ungefähr)
DELETE FROM `servers`;
INSERT INTO `servers` (`id`, `name`, `active`, `created_at`, `updated_at`) VALUES
	(1, 'Primary', 'true', '2024-10-26 20:15:08', '2024-10-26 20:15:15'),
	(2, 'Secondary', 'true', '2024-10-26 20:15:11', '2024-10-26 20:15:11');

-- Exportiere Struktur von Tabelle temperatur.temperatures
DROP TABLE IF EXISTS `temperatures`;
CREATE TABLE IF NOT EXISTS `temperatures` (
  `id` int(11) NOT NULL AUTO_INCREMENT,
  `sensor_id` int(11) NOT NULL,
  `temperature` float NOT NULL,
  `active` enum('true','false') NOT NULL DEFAULT 'true',
  `updated_at` datetime NOT NULL DEFAULT current_timestamp() ON UPDATE current_timestamp(),
  `created_at` datetime NOT NULL DEFAULT current_timestamp(),
  PRIMARY KEY (`id`) USING BTREE,
  KEY `temperatures_sensors` (`sensor_id`),
  CONSTRAINT `temperatures_sensors` FOREIGN KEY (`sensor_id`) REFERENCES `sensors` (`id`) ON DELETE NO ACTION ON UPDATE NO ACTION
) ENGINE=InnoDB AUTO_INCREMENT=361 DEFAULT CHARSET=utf8mb4 COMMENT='Aufnahme der Temperatur';

-- Exportiere Daten aus Tabelle temperatur.temperatures: ~0 rows (ungefähr)
DELETE FROM `temperatures`;
INSERT INTO `temperatures` (`id`, `sensor_id`, `temperature`, `active`, `updated_at`, `created_at`) VALUES
	(1, 1, -1, 'true', '2024-10-26 22:17:08', '2024-10-26 22:17:08'),
	(2, 3, 1, 'true', '2024-10-26 22:17:08', '2024-10-26 22:17:08'),
	(3, 2, -25, 'true', '2024-10-26 22:17:08', '2024-10-26 22:17:08'),
	(4, 1, 0, 'true', '2024-10-26 22:17:09', '2024-10-26 22:17:09'),
	(5, 3, 0, 'true', '2024-10-26 22:17:09', '2024-10-26 22:17:09'),
	(6, 2, -25, 'true', '2024-10-26 22:17:09', '2024-10-26 22:17:09'),
	(7, 1, 1, 'true', '2024-10-26 22:17:10', '2024-10-26 22:17:10'),
	(8, 3, 1, 'true', '2024-10-26 22:17:10', '2024-10-26 22:17:10'),
	(9, 2, -25, 'true', '2024-10-26 22:17:10', '2024-10-26 22:17:10'),
	(10, 1, 2, 'true', '2024-10-26 22:17:11', '2024-10-26 22:17:11'),
	(11, 3, 2, 'true', '2024-10-26 22:17:11', '2024-10-26 22:17:11'),
	(12, 2, -25, 'true', '2024-10-26 22:17:11', '2024-10-26 22:17:11'),
	(13, 1, 3, 'true', '2024-10-26 22:17:12', '2024-10-26 22:17:12'),
	(14, 3, 1, 'true', '2024-10-26 22:17:12', '2024-10-26 22:17:12'),
	(15, 2, -25, 'true', '2024-10-26 22:17:12', '2024-10-26 22:17:12'),
	(16, 1, 4, 'true', '2024-10-26 22:17:13', '2024-10-26 22:17:13'),
	(17, 3, 2, 'true', '2024-10-26 22:17:13', '2024-10-26 22:17:13'),
	(18, 2, -25, 'true', '2024-10-26 22:17:13', '2024-10-26 22:17:13'),
	(19, 1, 3, 'true', '2024-10-26 22:17:14', '2024-10-26 22:17:14'),
	(20, 3, 1, 'true', '2024-10-26 22:17:14', '2024-10-26 22:17:14'),
	(21, 2, -25, 'true', '2024-10-26 22:17:14', '2024-10-26 22:17:14'),
	(22, 1, 4, 'true', '2024-10-26 22:17:15', '2024-10-26 22:17:15'),
	(23, 3, 2, 'true', '2024-10-26 22:17:15', '2024-10-26 22:17:15'),
	(24, 2, -26, 'true', '2024-10-26 22:17:15', '2024-10-26 22:17:15'),
	(25, 1, 3, 'true', '2024-10-26 22:17:16', '2024-10-26 22:17:16'),
	(26, 3, 1, 'true', '2024-10-26 22:17:16', '2024-10-26 22:17:16'),
	(27, 2, -27, 'true', '2024-10-26 22:17:16', '2024-10-26 22:17:16'),
	(28, 1, 4, 'true', '2024-10-26 22:17:17', '2024-10-26 22:17:17'),
	(29, 3, 0, 'true', '2024-10-26 22:17:17', '2024-10-26 22:17:17'),
	(30, 2, -26, 'true', '2024-10-26 22:17:17', '2024-10-26 22:17:17'),
	(31, 1, 5, 'true', '2024-10-26 22:17:38', '2024-10-26 22:17:38'),
	(32, 3, -1, 'true', '2024-10-26 22:17:38', '2024-10-26 22:17:38'),
	(33, 2, -27, 'true', '2024-10-26 22:17:38', '2024-10-26 22:17:38'),
	(34, 1, 5, 'true', '2024-10-26 22:17:39', '2024-10-26 22:17:39'),
	(35, 3, 0, 'true', '2024-10-26 22:17:39', '2024-10-26 22:17:39'),
	(36, 2, -26, 'true', '2024-10-26 22:17:39', '2024-10-26 22:17:39'),
	(37, 1, 5, 'true', '2024-10-26 22:17:40', '2024-10-26 22:17:40'),
	(38, 3, -1, 'true', '2024-10-26 22:17:40', '2024-10-26 22:17:40'),
	(39, 2, -27, 'true', '2024-10-26 22:17:40', '2024-10-26 22:17:40'),
	(40, 1, 5, 'true', '2024-10-26 22:17:41', '2024-10-26 22:17:41'),
	(41, 3, 0, 'true', '2024-10-26 22:17:41', '2024-10-26 22:17:41'),
	(42, 2, -26, 'true', '2024-10-26 22:17:41', '2024-10-26 22:17:41'),
	(43, 1, 5, 'true', '2024-10-26 22:17:42', '2024-10-26 22:17:42'),
	(44, 3, 1, 'true', '2024-10-26 22:17:42', '2024-10-26 22:17:42'),
	(45, 2, -25, 'true', '2024-10-26 22:17:43', '2024-10-26 22:17:43'),
	(46, 1, 5, 'true', '2024-10-26 22:17:44', '2024-10-26 22:17:44'),
	(47, 3, 2, 'true', '2024-10-26 22:17:44', '2024-10-26 22:17:44'),
	(48, 2, -25, 'true', '2024-10-26 22:17:44', '2024-10-26 22:17:44'),
	(49, 1, 5, 'true', '2024-10-26 22:17:45', '2024-10-26 22:17:45'),
	(50, 3, 3, 'true', '2024-10-26 22:17:45', '2024-10-26 22:17:45'),
	(51, 2, -26, 'true', '2024-10-26 22:17:45', '2024-10-26 22:17:45'),
	(52, 1, 4, 'true', '2024-10-26 22:17:46', '2024-10-26 22:17:46'),
	(53, 3, 4, 'true', '2024-10-26 22:17:46', '2024-10-26 22:17:46'),
	(54, 2, -25, 'true', '2024-10-26 22:17:46', '2024-10-26 22:17:46'),
	(55, 1, 5, 'true', '2024-10-26 22:17:47', '2024-10-26 22:17:47'),
	(56, 3, 5, 'true', '2024-10-26 22:17:47', '2024-10-26 22:17:47'),
	(57, 2, -25, 'true', '2024-10-26 22:17:47', '2024-10-26 22:17:47'),
	(58, 1, 4, 'true', '2024-10-26 22:17:48', '2024-10-26 22:17:48'),
	(59, 3, 5, 'true', '2024-10-26 22:17:48', '2024-10-26 22:17:48'),
	(60, 2, -25, 'true', '2024-10-26 22:17:48', '2024-10-26 22:17:48'),
	(61, 1, 5, 'true', '2024-10-26 22:17:49', '2024-10-26 22:17:49'),
	(62, 3, 4, 'true', '2024-10-26 22:17:49', '2024-10-26 22:17:49'),
	(63, 2, -26, 'true', '2024-10-26 22:17:49', '2024-10-26 22:17:49'),
	(64, 1, 5, 'true', '2024-10-26 22:17:50', '2024-10-26 22:17:50'),
	(65, 3, 3, 'true', '2024-10-26 22:17:50', '2024-10-26 22:17:50'),
	(66, 2, -27, 'true', '2024-10-26 22:17:50', '2024-10-26 22:17:50'),
	(67, 1, 4, 'true', '2024-10-26 22:17:51', '2024-10-26 22:17:51'),
	(68, 3, 4, 'true', '2024-10-26 22:17:51', '2024-10-26 22:17:51'),
	(69, 2, -26, 'true', '2024-10-26 22:17:51', '2024-10-26 22:17:51'),
	(70, 1, 5, 'true', '2024-10-26 22:17:52', '2024-10-26 22:17:52'),
	(71, 3, 5, 'true', '2024-10-26 22:17:52', '2024-10-26 22:17:52'),
	(72, 2, -25, 'true', '2024-10-26 22:17:52', '2024-10-26 22:17:52'),
	(73, 1, 5, 'true', '2024-10-26 22:17:53', '2024-10-26 22:17:53'),
	(74, 3, 4, 'true', '2024-10-26 22:17:53', '2024-10-26 22:17:53'),
	(75, 2, -25, 'true', '2024-10-26 22:17:53', '2024-10-26 22:17:53'),
	(76, 1, 5, 'true', '2024-10-26 22:17:54', '2024-10-26 22:17:54'),
	(77, 3, 5, 'true', '2024-10-26 22:17:54', '2024-10-26 22:17:54'),
	(78, 2, -25, 'true', '2024-10-26 22:17:54', '2024-10-26 22:17:54'),
	(79, 1, 5, 'true', '2024-10-26 22:17:55', '2024-10-26 22:17:55'),
	(80, 3, 4, 'true', '2024-10-26 22:17:55', '2024-10-26 22:17:55'),
	(81, 2, -25, 'true', '2024-10-26 22:17:55', '2024-10-26 22:17:55'),
	(82, 1, 5, 'true', '2024-10-26 22:17:56', '2024-10-26 22:17:56'),
	(83, 3, 5, 'true', '2024-10-26 22:17:56', '2024-10-26 22:17:56'),
	(84, 2, -25, 'true', '2024-10-26 22:17:56', '2024-10-26 22:17:56'),
	(85, 1, 5, 'true', '2024-10-26 22:17:57', '2024-10-26 22:17:57'),
	(86, 3, 4, 'true', '2024-10-26 22:17:57', '2024-10-26 22:17:57'),
	(87, 2, -25, 'true', '2024-10-26 22:17:57', '2024-10-26 22:17:57'),
	(88, 1, 5, 'true', '2024-10-26 22:17:58', '2024-10-26 22:17:58'),
	(89, 3, 5, 'true', '2024-10-26 22:17:58', '2024-10-26 22:17:58'),
	(90, 2, -26, 'true', '2024-10-26 22:17:58', '2024-10-26 22:17:58'),
	(91, 1, 4, 'true', '2024-10-26 22:17:59', '2024-10-26 22:17:59'),
	(92, 3, 4, 'true', '2024-10-26 22:17:59', '2024-10-26 22:17:59'),
	(93, 2, -27, 'true', '2024-10-26 22:17:59', '2024-10-26 22:17:59'),
	(94, 1, 5, 'true', '2024-10-26 22:18:00', '2024-10-26 22:18:00'),
	(95, 3, 5, 'true', '2024-10-26 22:18:00', '2024-10-26 22:18:00'),
	(96, 2, -28, 'true', '2024-10-26 22:18:00', '2024-10-26 22:18:00'),
	(97, 1, 5, 'true', '2024-10-26 22:18:01', '2024-10-26 22:18:01'),
	(98, 3, 5, 'true', '2024-10-26 22:18:01', '2024-10-26 22:18:01'),
	(99, 2, -29, 'true', '2024-10-26 22:18:01', '2024-10-26 22:18:01'),
	(100, 1, 5, 'true', '2024-10-26 22:18:02', '2024-10-26 22:18:02'),
	(101, 3, 4, 'true', '2024-10-26 22:18:02', '2024-10-26 22:18:02'),
	(102, 2, -30, 'true', '2024-10-26 22:18:02', '2024-10-26 22:18:02'),
	(103, 1, 5, 'true', '2024-10-26 22:18:03', '2024-10-26 22:18:03'),
	(104, 3, 5, 'true', '2024-10-26 22:18:03', '2024-10-26 22:18:03'),
	(105, 2, -31, 'true', '2024-10-26 22:18:03', '2024-10-26 22:18:03'),
	(106, 1, 5, 'true', '2024-10-26 22:18:04', '2024-10-26 22:18:04'),
	(107, 3, 5, 'true', '2024-10-26 22:18:04', '2024-10-26 22:18:04'),
	(108, 2, -30, 'true', '2024-10-26 22:18:04', '2024-10-26 22:18:04'),
	(109, 1, 5, 'true', '2024-10-26 22:18:05', '2024-10-26 22:18:05'),
	(110, 3, 4, 'true', '2024-10-26 22:18:05', '2024-10-26 22:18:05'),
	(111, 2, -31, 'true', '2024-10-26 22:18:05', '2024-10-26 22:18:05'),
	(112, 1, 4, 'true', '2024-10-26 22:18:06', '2024-10-26 22:18:06'),
	(113, 3, 5, 'true', '2024-10-26 22:18:06', '2024-10-26 22:18:06'),
	(114, 2, -32, 'true', '2024-10-26 22:18:06', '2024-10-26 22:18:06'),
	(115, 1, 5, 'true', '2024-10-26 22:18:07', '2024-10-26 22:18:07'),
	(116, 3, 5, 'true', '2024-10-26 22:18:07', '2024-10-26 22:18:07'),
	(117, 2, -31, 'true', '2024-10-26 22:18:07', '2024-10-26 22:18:07'),
	(118, 1, 4, 'true', '2024-10-26 22:18:08', '2024-10-26 22:18:08'),
	(119, 3, 4, 'true', '2024-10-26 22:18:08', '2024-10-26 22:18:08'),
	(120, 2, -32, 'true', '2024-10-26 22:18:08', '2024-10-26 22:18:08'),
	(121, 1, 5, 'true', '2024-10-26 22:18:09', '2024-10-26 22:18:09'),
	(122, 3, 5, 'true', '2024-10-26 22:18:09', '2024-10-26 22:18:09'),
	(123, 2, -33, 'true', '2024-10-26 22:18:09', '2024-10-26 22:18:09'),
	(124, 1, 5, 'true', '2024-10-26 22:18:10', '2024-10-26 22:18:10'),
	(125, 3, 5, 'true', '2024-10-26 22:18:10', '2024-10-26 22:18:10'),
	(126, 2, -32, 'true', '2024-10-26 22:18:10', '2024-10-26 22:18:10'),
	(127, 1, 5, 'true', '2024-10-26 22:18:11', '2024-10-26 22:18:11'),
	(128, 3, 5, 'true', '2024-10-26 22:18:11', '2024-10-26 22:18:11'),
	(129, 2, -31, 'true', '2024-10-26 22:18:11', '2024-10-26 22:18:11'),
	(130, 1, 5, 'true', '2024-10-26 22:18:12', '2024-10-26 22:18:12'),
	(131, 3, 4, 'true', '2024-10-26 22:18:12', '2024-10-26 22:18:12'),
	(132, 2, -32, 'true', '2024-10-26 22:18:12', '2024-10-26 22:18:12'),
	(133, 1, 5, 'true', '2024-10-26 22:18:13', '2024-10-26 22:18:13'),
	(134, 3, 3, 'true', '2024-10-26 22:18:13', '2024-10-26 22:18:13'),
	(135, 2, -31, 'true', '2024-10-26 22:18:13', '2024-10-26 22:18:13'),
	(136, 1, 5, 'true', '2024-10-26 22:18:14', '2024-10-26 22:18:14'),
	(137, 3, 2, 'true', '2024-10-26 22:18:14', '2024-10-26 22:18:14'),
	(138, 2, -30, 'true', '2024-10-26 22:18:14', '2024-10-26 22:18:14'),
	(139, 1, 4, 'true', '2024-10-26 22:18:15', '2024-10-26 22:18:15'),
	(140, 3, 1, 'true', '2024-10-26 22:18:15', '2024-10-26 22:18:15'),
	(141, 2, -29, 'true', '2024-10-26 22:18:15', '2024-10-26 22:18:15'),
	(142, 1, 3, 'true', '2024-10-26 22:18:16', '2024-10-26 22:18:16'),
	(143, 3, 0, 'true', '2024-10-26 22:18:16', '2024-10-26 22:18:16'),
	(144, 2, -28, 'true', '2024-10-26 22:18:16', '2024-10-26 22:18:16'),
	(145, 1, 4, 'true', '2024-10-26 22:18:17', '2024-10-26 22:18:17'),
	(146, 3, -1, 'true', '2024-10-26 22:18:17', '2024-10-26 22:18:17'),
	(147, 2, -27, 'true', '2024-10-26 22:18:17', '2024-10-26 22:18:17'),
	(148, 1, 5, 'true', '2024-10-26 22:18:18', '2024-10-26 22:18:18'),
	(149, 3, 0, 'true', '2024-10-26 22:18:18', '2024-10-26 22:18:18'),
	(150, 2, -28, 'true', '2024-10-26 22:18:18', '2024-10-26 22:18:18'),
	(151, 1, 5, 'true', '2024-10-26 22:18:19', '2024-10-26 22:18:19'),
	(152, 3, -1, 'true', '2024-10-26 22:18:19', '2024-10-26 22:18:19'),
	(153, 2, -29, 'true', '2024-10-26 22:18:19', '2024-10-26 22:18:19'),
	(154, 1, 5, 'true', '2024-10-26 22:18:20', '2024-10-26 22:18:20'),
	(155, 3, 0, 'true', '2024-10-26 22:18:20', '2024-10-26 22:18:20'),
	(156, 2, -28, 'true', '2024-10-26 22:18:20', '2024-10-26 22:18:20'),
	(157, 1, 5, 'true', '2024-10-26 22:18:21', '2024-10-26 22:18:21'),
	(158, 3, 1, 'true', '2024-10-26 22:18:21', '2024-10-26 22:18:21'),
	(159, 2, -29, 'true', '2024-10-26 22:18:21', '2024-10-26 22:18:21'),
	(160, 1, 5, 'true', '2024-10-26 22:18:22', '2024-10-26 22:18:22'),
	(161, 3, 2, 'true', '2024-10-26 22:18:22', '2024-10-26 22:18:22'),
	(162, 2, -30, 'true', '2024-10-26 22:18:22', '2024-10-26 22:18:22'),
	(163, 1, 4, 'true', '2024-10-26 22:18:23', '2024-10-26 22:18:23'),
	(164, 3, 3, 'true', '2024-10-26 22:18:23', '2024-10-26 22:18:23'),
	(165, 2, -29, 'true', '2024-10-26 22:18:23', '2024-10-26 22:18:23'),
	(166, 1, 5, 'true', '2024-10-26 22:18:24', '2024-10-26 22:18:24'),
	(167, 3, 4, 'true', '2024-10-26 22:18:24', '2024-10-26 22:18:24'),
	(168, 2, -28, 'true', '2024-10-26 22:18:24', '2024-10-26 22:18:24'),
	(169, 1, 5, 'true', '2024-10-26 22:18:25', '2024-10-26 22:18:25'),
	(170, 3, 5, 'true', '2024-10-26 22:18:25', '2024-10-26 22:18:25'),
	(171, 2, -27, 'true', '2024-10-26 22:18:25', '2024-10-26 22:18:25'),
	(172, 1, 5, 'true', '2024-10-26 22:18:26', '2024-10-26 22:18:26'),
	(173, 3, 5, 'true', '2024-10-26 22:18:26', '2024-10-26 22:18:26'),
	(174, 2, -26, 'true', '2024-10-26 22:18:26', '2024-10-26 22:18:26'),
	(175, 1, 5, 'true', '2024-10-26 22:18:27', '2024-10-26 22:18:27'),
	(176, 3, 5, 'true', '2024-10-26 22:18:27', '2024-10-26 22:18:27'),
	(177, 2, -25, 'true', '2024-10-26 22:18:27', '2024-10-26 22:18:27'),
	(178, 1, 5, 'true', '2024-10-26 22:18:28', '2024-10-26 22:18:28'),
	(179, 3, 5, 'true', '2024-10-26 22:18:28', '2024-10-26 22:18:28'),
	(180, 2, -25, 'true', '2024-10-26 22:18:28', '2024-10-26 22:18:28'),
	(181, 1, 4, 'true', '2024-10-26 22:18:29', '2024-10-26 22:18:29'),
	(182, 3, 4, 'true', '2024-10-26 22:18:29', '2024-10-26 22:18:29'),
	(183, 2, -25, 'true', '2024-10-26 22:18:29', '2024-10-26 22:18:29'),
	(184, 1, 5, 'true', '2024-10-26 22:18:30', '2024-10-26 22:18:30'),
	(185, 3, 5, 'true', '2024-10-26 22:18:30', '2024-10-26 22:18:30'),
	(186, 2, -25, 'true', '2024-10-26 22:18:30', '2024-10-26 22:18:30'),
	(187, 1, 4, 'true', '2024-10-26 22:18:31', '2024-10-26 22:18:31'),
	(188, 3, 4, 'true', '2024-10-26 22:18:31', '2024-10-26 22:18:31'),
	(189, 2, -25, 'true', '2024-10-26 22:18:31', '2024-10-26 22:18:31'),
	(190, 1, 3, 'true', '2024-10-26 22:18:32', '2024-10-26 22:18:32'),
	(191, 3, 5, 'true', '2024-10-26 22:18:32', '2024-10-26 22:18:32'),
	(192, 2, -25, 'true', '2024-10-26 22:18:32', '2024-10-26 22:18:32'),
	(193, 1, 4, 'true', '2024-10-26 22:18:33', '2024-10-26 22:18:33'),
	(194, 3, 5, 'true', '2024-10-26 22:18:33', '2024-10-26 22:18:33'),
	(195, 2, -26, 'true', '2024-10-26 22:18:33', '2024-10-26 22:18:33'),
	(196, 1, 5, 'true', '2024-10-26 22:18:34', '2024-10-26 22:18:34'),
	(197, 3, 5, 'true', '2024-10-26 22:18:34', '2024-10-26 22:18:34'),
	(198, 2, -25, 'true', '2024-10-26 22:18:34', '2024-10-26 22:18:34'),
	(199, 1, 4, 'true', '2024-10-26 22:18:35', '2024-10-26 22:18:35'),
	(200, 3, 5, 'true', '2024-10-26 22:18:35', '2024-10-26 22:18:35'),
	(201, 2, -25, 'true', '2024-10-26 22:18:35', '2024-10-26 22:18:35'),
	(202, 1, 5, 'true', '2024-10-26 22:18:36', '2024-10-26 22:18:36'),
	(203, 3, 5, 'true', '2024-10-26 22:18:36', '2024-10-26 22:18:36'),
	(204, 2, -25, 'true', '2024-10-26 22:18:36', '2024-10-26 22:18:36'),
	(205, 1, 4, 'true', '2024-10-26 22:18:37', '2024-10-26 22:18:37'),
	(206, 3, 4, 'true', '2024-10-26 22:18:37', '2024-10-26 22:18:37'),
	(207, 2, -25, 'true', '2024-10-26 22:18:37', '2024-10-26 22:18:37'),
	(208, 1, 5, 'true', '2024-10-26 22:18:38', '2024-10-26 22:18:38'),
	(209, 3, 5, 'true', '2024-10-26 22:18:38', '2024-10-26 22:18:38'),
	(210, 2, -26, 'true', '2024-10-26 22:18:38', '2024-10-26 22:18:38'),
	(211, 1, 4, 'true', '2024-10-26 22:18:39', '2024-10-26 22:18:39'),
	(212, 3, 5, 'true', '2024-10-26 22:18:39', '2024-10-26 22:18:39'),
	(213, 2, -25, 'true', '2024-10-26 22:18:39', '2024-10-26 22:18:39'),
	(214, 1, 3, 'true', '2024-10-26 22:18:40', '2024-10-26 22:18:40'),
	(215, 3, 4, 'true', '2024-10-26 22:18:40', '2024-10-26 22:18:40'),
	(216, 2, -25, 'true', '2024-10-26 22:18:40', '2024-10-26 22:18:40'),
	(217, 1, 2, 'true', '2024-10-26 22:18:41', '2024-10-26 22:18:41'),
	(218, 3, 3, 'true', '2024-10-26 22:18:41', '2024-10-26 22:18:41'),
	(219, 2, -26, 'true', '2024-10-26 22:18:41', '2024-10-26 22:18:41'),
	(220, 1, 1, 'true', '2024-10-26 22:18:42', '2024-10-26 22:18:42'),
	(221, 3, 4, 'true', '2024-10-26 22:18:42', '2024-10-26 22:18:42'),
	(222, 2, -27, 'true', '2024-10-26 22:18:42', '2024-10-26 22:18:42'),
	(223, 1, 0, 'true', '2024-10-26 22:18:43', '2024-10-26 22:18:43'),
	(224, 3, 3, 'true', '2024-10-26 22:18:43', '2024-10-26 22:18:43'),
	(225, 2, -28, 'true', '2024-10-26 22:18:43', '2024-10-26 22:18:43'),
	(226, 1, 1, 'true', '2024-10-26 22:18:44', '2024-10-26 22:18:44'),
	(227, 3, 4, 'true', '2024-10-26 22:18:44', '2024-10-26 22:18:44'),
	(228, 2, -29, 'true', '2024-10-26 22:18:44', '2024-10-26 22:18:44'),
	(229, 1, 2, 'true', '2024-10-26 22:18:45', '2024-10-26 22:18:45'),
	(230, 3, 5, 'true', '2024-10-26 22:18:45', '2024-10-26 22:18:45'),
	(231, 2, -28, 'true', '2024-10-26 22:18:45', '2024-10-26 22:18:45'),
	(232, 1, 3, 'true', '2024-10-26 22:18:46', '2024-10-26 22:18:46'),
	(233, 3, 4, 'true', '2024-10-26 22:18:46', '2024-10-26 22:18:46'),
	(234, 2, -29, 'true', '2024-10-26 22:18:46', '2024-10-26 22:18:46'),
	(235, 1, 4, 'true', '2024-10-26 22:18:47', '2024-10-26 22:18:47'),
	(236, 3, 3, 'true', '2024-10-26 22:18:47', '2024-10-26 22:18:47'),
	(237, 2, -30, 'true', '2024-10-26 22:18:47', '2024-10-26 22:18:47'),
	(238, 1, 5, 'true', '2024-10-26 22:18:48', '2024-10-26 22:18:48'),
	(239, 3, 2, 'true', '2024-10-26 22:18:48', '2024-10-26 22:18:48'),
	(240, 2, -29, 'true', '2024-10-26 22:18:48', '2024-10-26 22:18:48'),
	(241, 1, 4, 'true', '2024-10-26 22:18:49', '2024-10-26 22:18:49'),
	(242, 3, 3, 'true', '2024-10-26 22:18:49', '2024-10-26 22:18:49'),
	(243, 2, -28, 'true', '2024-10-26 22:18:49', '2024-10-26 22:18:49'),
	(244, 1, 5, 'true', '2024-10-26 22:18:50', '2024-10-26 22:18:50'),
	(245, 3, 4, 'true', '2024-10-26 22:18:50', '2024-10-26 22:18:50'),
	(246, 2, -29, 'true', '2024-10-26 22:18:50', '2024-10-26 22:18:50'),
	(247, 1, 4, 'true', '2024-10-26 22:18:52', '2024-10-26 22:18:52'),
	(248, 3, 3, 'true', '2024-10-26 22:18:52', '2024-10-26 22:18:52'),
	(249, 2, -28, 'true', '2024-10-26 22:18:52', '2024-10-26 22:18:52'),
	(250, 1, 5, 'true', '2024-10-26 22:18:53', '2024-10-26 22:18:53'),
	(251, 3, 2, 'true', '2024-10-26 22:18:53', '2024-10-26 22:18:53'),
	(252, 2, -27, 'true', '2024-10-26 22:18:53', '2024-10-26 22:18:53'),
	(253, 1, 5, 'true', '2024-10-26 22:18:54', '2024-10-26 22:18:54'),
	(254, 3, 1, 'true', '2024-10-26 22:18:54', '2024-10-26 22:18:54'),
	(255, 2, -26, 'true', '2024-10-26 22:18:54', '2024-10-26 22:18:54'),
	(256, 1, 4, 'true', '2024-10-26 22:18:55', '2024-10-26 22:18:55'),
	(257, 3, 2, 'true', '2024-10-26 22:18:55', '2024-10-26 22:18:55'),
	(258, 2, -25, 'true', '2024-10-26 22:18:55', '2024-10-26 22:18:55'),
	(259, 1, 3, 'true', '2024-10-26 22:18:56', '2024-10-26 22:18:56'),
	(260, 3, 3, 'true', '2024-10-26 22:18:56', '2024-10-26 22:18:56'),
	(261, 2, -25, 'true', '2024-10-26 22:18:56', '2024-10-26 22:18:56'),
	(262, 1, 2, 'true', '2024-10-26 22:18:57', '2024-10-26 22:18:57'),
	(263, 3, 4, 'true', '2024-10-26 22:18:57', '2024-10-26 22:18:57'),
	(264, 2, -26, 'true', '2024-10-26 22:18:57', '2024-10-26 22:18:57'),
	(265, 1, 3, 'true', '2024-10-26 22:18:58', '2024-10-26 22:18:58'),
	(266, 3, 3, 'true', '2024-10-26 22:18:58', '2024-10-26 22:18:58'),
	(267, 2, -25, 'true', '2024-10-26 22:18:58', '2024-10-26 22:18:58'),
	(268, 1, 4, 'true', '2024-10-26 22:18:59', '2024-10-26 22:18:59'),
	(269, 3, 2, 'true', '2024-10-26 22:18:59', '2024-10-26 22:18:59'),
	(270, 2, -25, 'true', '2024-10-26 22:18:59', '2024-10-26 22:18:59'),
	(271, 1, 5, 'true', '2024-10-26 22:19:00', '2024-10-26 22:19:00'),
	(272, 3, 1, 'true', '2024-10-26 22:19:00', '2024-10-26 22:19:00'),
	(273, 2, -25, 'true', '2024-10-26 22:19:00', '2024-10-26 22:19:00'),
	(274, 1, 5, 'true', '2024-10-26 22:19:01', '2024-10-26 22:19:01'),
	(275, 3, 2, 'true', '2024-10-26 22:19:01', '2024-10-26 22:19:01'),
	(276, 2, -26, 'true', '2024-10-26 22:19:01', '2024-10-26 22:19:01'),
	(277, 1, 5, 'true', '2024-10-26 22:19:02', '2024-10-26 22:19:02'),
	(278, 3, 1, 'true', '2024-10-26 22:19:02', '2024-10-26 22:19:02'),
	(279, 2, -25, 'true', '2024-10-26 22:19:02', '2024-10-26 22:19:02'),
	(280, 1, 5, 'true', '2024-10-26 22:19:03', '2024-10-26 22:19:03'),
	(281, 3, 2, 'true', '2024-10-26 22:19:03', '2024-10-26 22:19:03'),
	(282, 2, -25, 'true', '2024-10-26 22:19:03', '2024-10-26 22:19:03'),
	(283, 1, 4, 'true', '2024-10-26 22:19:04', '2024-10-26 22:19:04'),
	(284, 3, 1, 'true', '2024-10-26 22:19:04', '2024-10-26 22:19:04'),
	(285, 2, -25, 'true', '2024-10-26 22:19:04', '2024-10-26 22:19:04'),
	(286, 1, 5, 'true', '2024-10-26 22:19:05', '2024-10-26 22:19:05'),
	(287, 3, 2, 'true', '2024-10-26 22:19:05', '2024-10-26 22:19:05'),
	(288, 2, -25, 'true', '2024-10-26 22:19:05', '2024-10-26 22:19:05'),
	(289, 1, 5, 'true', '2024-10-26 22:19:06', '2024-10-26 22:19:06'),
	(290, 3, 1, 'true', '2024-10-26 22:19:06', '2024-10-26 22:19:06'),
	(291, 2, -25, 'true', '2024-10-26 22:19:06', '2024-10-26 22:19:06'),
	(292, 1, 5, 'true', '2024-10-26 22:19:07', '2024-10-26 22:19:07'),
	(293, 3, 0, 'true', '2024-10-26 22:19:07', '2024-10-26 22:19:07'),
	(294, 2, -25, 'true', '2024-10-26 22:19:07', '2024-10-26 22:19:07'),
	(295, 1, 5, 'true', '2024-10-26 22:19:08', '2024-10-26 22:19:08'),
	(296, 3, -1, 'true', '2024-10-26 22:19:08', '2024-10-26 22:19:08'),
	(297, 2, -25, 'true', '2024-10-26 22:19:08', '2024-10-26 22:19:08'),
	(298, 1, 4, 'true', '2024-10-26 22:19:09', '2024-10-26 22:19:09'),
	(299, 3, -2, 'true', '2024-10-26 22:19:09', '2024-10-26 22:19:09'),
	(300, 2, -25, 'true', '2024-10-26 22:19:09', '2024-10-26 22:19:09'),
	(301, 1, 5, 'true', '2024-10-26 22:19:10', '2024-10-26 22:19:10'),
	(302, 3, -3, 'true', '2024-10-26 22:19:10', '2024-10-26 22:19:10'),
	(303, 2, -25, 'true', '2024-10-26 22:19:10', '2024-10-26 22:19:10'),
	(304, 1, 4, 'true', '2024-10-26 22:19:11', '2024-10-26 22:19:11'),
	(305, 3, -2, 'true', '2024-10-26 22:19:11', '2024-10-26 22:19:11'),
	(306, 2, -25, 'true', '2024-10-26 22:19:11', '2024-10-26 22:19:11'),
	(307, 1, 5, 'true', '2024-10-26 22:19:12', '2024-10-26 22:19:12'),
	(308, 3, -3, 'true', '2024-10-26 22:19:12', '2024-10-26 22:19:12'),
	(309, 2, -25, 'true', '2024-10-26 22:19:12', '2024-10-26 22:19:12'),
	(310, 1, 4, 'true', '2024-10-26 22:19:13', '2024-10-26 22:19:13'),
	(311, 3, -2, 'true', '2024-10-26 22:19:13', '2024-10-26 22:19:13'),
	(312, 2, -26, 'true', '2024-10-26 22:19:13', '2024-10-26 22:19:13'),
	(313, 1, 3, 'true', '2024-10-26 22:19:14', '2024-10-26 22:19:14'),
	(314, 3, -1, 'true', '2024-10-26 22:19:14', '2024-10-26 22:19:14'),
	(315, 2, -25, 'true', '2024-10-26 22:19:14', '2024-10-26 22:19:14'),
	(316, 1, 2, 'true', '2024-10-26 22:19:15', '2024-10-26 22:19:15'),
	(317, 3, 0, 'true', '2024-10-26 22:19:15', '2024-10-26 22:19:15'),
	(318, 2, -25, 'true', '2024-10-26 22:19:15', '2024-10-26 22:19:15'),
	(319, 1, 1, 'true', '2024-10-26 22:19:16', '2024-10-26 22:19:16'),
	(320, 3, 1, 'true', '2024-10-26 22:19:16', '2024-10-26 22:19:16'),
	(321, 2, -26, 'true', '2024-10-26 22:19:16', '2024-10-26 22:19:16'),
	(322, 1, 2, 'true', '2024-10-26 22:19:17', '2024-10-26 22:19:17'),
	(323, 3, 2, 'true', '2024-10-26 22:19:17', '2024-10-26 22:19:17'),
	(324, 2, -27, 'true', '2024-10-26 22:19:17', '2024-10-26 22:19:17'),
	(325, 1, 1, 'true', '2024-10-26 22:19:18', '2024-10-26 22:19:18'),
	(326, 3, 3, 'true', '2024-10-26 22:19:18', '2024-10-26 22:19:18'),
	(327, 2, -26, 'true', '2024-10-26 22:19:18', '2024-10-26 22:19:18'),
	(328, 1, 2, 'true', '2024-10-26 22:19:19', '2024-10-26 22:19:19'),
	(329, 3, 4, 'true', '2024-10-26 22:19:19', '2024-10-26 22:19:19'),
	(330, 2, -25, 'true', '2024-10-26 22:19:19', '2024-10-26 22:19:19'),
	(331, 1, 1, 'true', '2024-10-26 22:22:55', '2024-10-26 22:22:55'),
	(332, 3, 5, 'true', '2024-10-26 22:22:55', '2024-10-26 22:22:55'),
	(333, 2, -25, 'true', '2024-10-26 22:22:55', '2024-10-26 22:22:55'),
	(334, 1, 2, 'true', '2024-10-26 22:22:56', '2024-10-26 22:22:56'),
	(335, 3, 5, 'true', '2024-10-26 22:22:56', '2024-10-26 22:22:56'),
	(336, 2, -25, 'true', '2024-10-26 22:22:56', '2024-10-26 22:22:56'),
	(337, 1, 3, 'true', '2024-10-26 22:22:57', '2024-10-26 22:22:57'),
	(338, 3, 5, 'true', '2024-10-26 22:22:57', '2024-10-26 22:22:57'),
	(339, 2, -25, 'true', '2024-10-26 22:22:57', '2024-10-26 22:22:57'),
	(340, 1, 2, 'true', '2024-10-26 22:22:58', '2024-10-26 22:22:58'),
	(341, 3, 5, 'true', '2024-10-26 22:22:58', '2024-10-26 22:22:58'),
	(342, 2, -25, 'true', '2024-10-26 22:22:58', '2024-10-26 22:22:58'),
	(343, 1, 1, 'true', '2024-10-26 22:22:59', '2024-10-26 22:22:59'),
	(344, 3, 5, 'true', '2024-10-26 22:22:59', '2024-10-26 22:22:59'),
	(345, 2, -26, 'true', '2024-10-26 22:22:59', '2024-10-26 22:22:59'),
	(346, 1, 2, 'true', '2024-10-26 22:23:00', '2024-10-26 22:23:00'),
	(347, 3, 5, 'true', '2024-10-26 22:23:00', '2024-10-26 22:23:00'),
	(348, 2, -25, 'true', '2024-10-26 22:23:00', '2024-10-26 22:23:00'),
	(349, 1, 1, 'true', '2024-10-26 22:23:01', '2024-10-26 22:23:01'),
	(350, 3, 5, 'true', '2024-10-26 22:23:01', '2024-10-26 22:23:01'),
	(351, 2, -25, 'true', '2024-10-26 22:23:01', '2024-10-26 22:23:01'),
	(352, 1, 0, 'true', '2024-10-26 22:23:02', '2024-10-26 22:23:02'),
	(353, 3, 5, 'true', '2024-10-26 22:23:02', '2024-10-26 22:23:02'),
	(354, 2, -25, 'true', '2024-10-26 22:23:02', '2024-10-26 22:23:02'),
	(355, 1, -1, 'true', '2024-10-26 22:23:03', '2024-10-26 22:23:03'),
	(356, 3, 5, 'true', '2024-10-26 22:23:03', '2024-10-26 22:23:03'),
	(357, 2, -25, 'true', '2024-10-26 22:23:03', '2024-10-26 22:23:03'),
	(358, 1, 0, 'true', '2024-10-26 22:23:04', '2024-10-26 22:23:04'),
	(359, 3, 4, 'true', '2024-10-26 22:23:04', '2024-10-26 22:23:04'),
	(360, 2, -25, 'true', '2024-10-26 22:23:04', '2024-10-26 22:23:04');

-- Exportiere Struktur von Tabelle temperatur.translations
DROP TABLE IF EXISTS `translations`;
CREATE TABLE IF NOT EXISTS `translations` (
  `id` int(11) NOT NULL AUTO_INCREMENT,
  `category` varchar(255) NOT NULL DEFAULT 'site',
  `value` varchar(2000) DEFAULT NULL,
  `de` varchar(2000) DEFAULT NULL,
  `en` varchar(2000) DEFAULT NULL,
  `ru` varchar(2000) DEFAULT NULL,
  `active` enum('true','false') NOT NULL DEFAULT 'true',
  `updated_at` datetime NOT NULL DEFAULT current_timestamp() ON UPDATE current_timestamp(),
  `created_at` datetime NOT NULL DEFAULT current_timestamp(),
  PRIMARY KEY (`id`) USING BTREE
) ENGINE=InnoDB AUTO_INCREMENT=4 DEFAULT CHARSET=utf8mb4;

-- Exportiere Daten aus Tabelle temperatur.translations: ~0 rows (ungefähr)
DELETE FROM `translations`;
INSERT INTO `translations` (`id`, `category`, `value`, `de`, `en`, `ru`, `active`, `updated_at`, `created_at`) VALUES
	(1, 'site', 'welcome back, {username}', NULL, 'Welcome back, {username}', NULL, 'true', '2024-10-26 22:16:08', '2024-10-26 22:16:08'),
	(2, 'site', 'successfully inserted {loops}x temperatures for all sensors.', NULL, 'Successfully inserted {loops}x temperatures for all sensors.', NULL, 'true', '2024-10-26 22:17:18', '2024-10-26 22:17:18'),
	(3, 'site', 'in order to perform this action you need the {rolename} role.', NULL, 'In order to perform this action you need the {roleName} role.', NULL, 'true', '2024-10-26 22:20:24', '2024-10-26 22:20:24');

-- Exportiere Struktur von Tabelle temperatur.users
DROP TABLE IF EXISTS `users`;
CREATE TABLE IF NOT EXISTS `users` (
  `id` int(11) NOT NULL AUTO_INCREMENT,
  `username` varchar(100) NOT NULL,
  `snowflake` varchar(100) DEFAULT NULL,
  `password` varchar(1000) NOT NULL,
  `phone` varchar(100) DEFAULT NULL,
  `avatar_id` int(11) DEFAULT NULL,
  `role_id` int(11) NOT NULL DEFAULT 1,
  `active` enum('true','false') NOT NULL DEFAULT 'true',
  `last_seen` datetime NOT NULL DEFAULT current_timestamp(),
  `created_at` datetime NOT NULL DEFAULT current_timestamp() ON UPDATE current_timestamp(),
  `updated_at` datetime NOT NULL DEFAULT current_timestamp(),
  PRIMARY KEY (`id`) USING BTREE,
  UNIQUE KEY `username` (`username`),
  UNIQUE KEY `snowflake` (`snowflake`),
  KEY `users_avatars` (`avatar_id`),
  KEY `users_roles` (`role_id`),
  CONSTRAINT `users_avatars` FOREIGN KEY (`avatar_id`) REFERENCES `images` (`id`) ON DELETE NO ACTION ON UPDATE NO ACTION,
  CONSTRAINT `users_roles` FOREIGN KEY (`role_id`) REFERENCES `roles` (`id`) ON DELETE NO ACTION ON UPDATE NO ACTION
) ENGINE=InnoDB AUTO_INCREMENT=2 DEFAULT CHARSET=utf8mb4 COMMENT='Datenbank für User in Temperaturüberwachung';

-- Exportiere Daten aus Tabelle temperatur.users: ~1 rows (ungefähr)
DELETE FROM `users`;
INSERT INTO `users` (`id`, `username`, `snowflake`, `password`, `phone`, `avatar_id`, `role_id`, `active`, `last_seen`, `created_at`, `updated_at`) VALUES
	(1, 'Tim', 'eronax', '$2y$10$PoXSTUDwegZLZH1uMVO4IOdhGH21q89WajT.GBVOzQBK1o4Ksc0fy', '01729499985', 1, 2, 'true', '2024-10-26 22:24:36', '2024-10-26 22:24:46', '2024-10-26 22:12:25');

-- Exportiere Struktur von Tabelle temperatur.user_settings
DROP TABLE IF EXISTS `user_settings`;
CREATE TABLE IF NOT EXISTS `user_settings` (
  `id` int(11) NOT NULL AUTO_INCREMENT,
  `user_id` int(11) NOT NULL,
  `language` enum('en','de','ru') NOT NULL DEFAULT 'en',
  `imperial_system` enum('c','k','f') NOT NULL DEFAULT 'c',
  `darkmode` enum('true','false') NOT NULL DEFAULT 'true',
  `active` enum('true','false') NOT NULL DEFAULT 'true',
  `updated_at` datetime NOT NULL DEFAULT current_timestamp() ON UPDATE current_timestamp(),
  `created_at` datetime NOT NULL DEFAULT current_timestamp(),
  PRIMARY KEY (`id`) USING BTREE,
  KEY `user_settings_users` (`user_id`),
  CONSTRAINT `user_settings_users` FOREIGN KEY (`user_id`) REFERENCES `users` (`id`) ON DELETE NO ACTION ON UPDATE NO ACTION
) ENGINE=InnoDB AUTO_INCREMENT=2 DEFAULT CHARSET=utf8mb4 COMMENT='Nutzereinstellungen';

-- Exportiere Daten aus Tabelle temperatur.user_settings: ~0 rows (ungefähr)
DELETE FROM `user_settings`;
INSERT INTO `user_settings` (`id`, `user_id`, `language`, `imperial_system`, `darkmode`, `active`, `updated_at`, `created_at`) VALUES
	(1, 1, 'en', 'f', 'true', 'true', '2024-10-26 22:24:46', '2024-10-26 22:12:25');

/*!40103 SET TIME_ZONE=IFNULL(@OLD_TIME_ZONE, 'system') */;
/*!40101 SET SQL_MODE=IFNULL(@OLD_SQL_MODE, '') */;
/*!40014 SET FOREIGN_KEY_CHECKS=IFNULL(@OLD_FOREIGN_KEY_CHECKS, 1) */;
/*!40101 SET CHARACTER_SET_CLIENT=@OLD_CHARACTER_SET_CLIENT */;
/*!40111 SET SQL_NOTES=IFNULL(@OLD_SQL_NOTES, 1) */;
